{"stats":{"minecraft:custom":{"minecraft:mob_kills":22,"minecraft:interact_with_crafting_table":33,"minecraft:leave_game":2,"minecraft:time_since_death":35337,"minecraft:climb_one_cm":12274,"minecraft:sprint_one_cm":115309,"minecraft:walk_one_cm":272517,"minecraft:damage_blocked_by_shield":90,"minecraft:drop":38,"minecraft:talked_to_villager":7,"minecraft:deaths":1,"minecraft:sneak_time":16694,"minecraft:walk_under_water_one_cm":56877,"minecraft:jump":957,"minecraft:walk_on_water_one_cm":95887,"minecraft:interact_with_furnace":30,"minecraft:play_one_minute":122935,"minecraft:sleep_in_bed":9,"minecraft:time_since_rest":4580,"minecraft:waystone_activated":1,"minecraft:damage_taken":819,"minecraft:damage_dealt":4080,"minecraft:swim_one_cm":2381,"minecraft:fly_one_cm":44930,"minecraft:open_chest":69,"minecraft:crouch_one_cm":35795,"minecraft:fish_caught":4,"minecraft:fall_one_cm":15049},"minecraft:mined":{"minecraft:spruce_planks":3,"minecraft:mossy_cobblestone":48,"minecraft:cobblestone_stairs":2,"minecraft:dark_oak_log":7,"minecraft:grass_block":4,"betterdefaultbiomes:short_grass":3,"minecraft:spruce_leaves":1,"minecraft:tall_seagrass":2,"chaosawakens:salt_ore":9,"minecraft:furnace":1,"minecraft:iron_ore":51,"chisel:marble/raw":11,"minecraft:pumpkin":8,"minecraft:potatoes":4,"cavesandcliffs:cave_vines_body":2,"minecraft:stone":390,"smash_bros_pvp:suspicious_grass":15,"tconstruct:copper_ore":10,"quark:dark_oak_ladder":18,"minecraft:dandelion":1,"minecraft:torch":4,"minecraft:crafting_table":4,"quark:stone_speleothem":14,"minecraft:chest":2,"minecraft:cobblestone":171,"minecraft:wall_torch":23,"minecraft:spruce_stairs":4,"minecraft:purple_bed":1,"minecraft:coarse_dirt":1,"cavesandcliffs:dripstone_block":18,"chaosawakens:fossilised_emerald_gator":2,"minecraft:spruce_log":1,"minecraft:grass_path":1,"cavesandcliffs:copper_ore":6,"betterdefaultbiomes:feather_reed_grass":4,"minecraft:coal_ore":53,"chaosawakens:fossilised_ruby_bug":1,"quark:spruce_chest":4,"minecraft:gravel":20,"minecraft:dirt":8,"cavesandcliffs:moss_block":2,"minecraft:fern":1,"cavesandcliffs:pointed_dripstone":2,"quark:root":4},"minecraft:dropped":{"minecraft:stone_hoe":1,"chisel:marble/raw":10,"minecraft:mossy_cobblestone":18,"minecraft:cobblestone":1,"minecraft:spruce_stairs":2,"minecraft:stick":16,"minecraft:cobblestone_stairs":1,"minecraft:dirt":14,"smash_bros_pvp:fairy_bottle":1,"minecraft:large_fern":1,"minecraft:pumpkin":5,"minecraft:string":22,"minecraft:spruce_sapling":6,"minecraft:dandelion":1,"minecraft:bone":2,"minecraft:gravel":2,"minecraft:sweet_berries":5,"minecraft:coarse_dirt":1,"minecraft:rotten_flesh":24,"minecraft:fern":2,"minecraft:gunpowder":1,"minecraft:chest":2,"cavesandcliffs:dripstone_block":18,"minecraft:wooden_pickaxe":1,"minecraft:stone_pickaxe":1,"cavesandcliffs:pointed_dripstone":2},"minecraft:used":{"minecraft:chest":2,"minecraft:shield":4,"minecraft:stone_hoe":27,"minecraft:rotten_flesh":13,"minecraft:torch":42,"dungeons_gear:bone_cudgel":33,"quark:spruce_chest":4,"minecraft:iron_axe":28,"cavesandcliffs:dripstone_block":4,"chisel:marble/raw":1,"minecraft:furnace":2,"minecraft:potato":23,"minecraft:pumpkin":2,"quark:dark_oak_ladder":33,"smash_bros_pvp:gust_bellows":1,"minecraft:water_bucket":14,"minecraft:cobblestone_stairs":1,"cavesandcliffs:pointed_dripstone":1,"minecraft:stone_pickaxe":394,"minecraft:wooden_pickaxe":4,"minecraft:mossy_cobblestone":14,"minecraft:crafting_table":4,"biomesoplenty:orange_autumn_sapling":4,"minecraft:bread":6,"minecraft:iron_pickaxe":414,"quark:root_item":2,"minecraft:gravel":7,"minecraft:stone_axe":35,"minecraft:fishing_rod":10,"minecraft:cobblestone":378,"minecraft:purple_bed":1,"minecraft:bucket":15,"minecraft:bone_meal":1},"minecraft:picked_up":{"minecraft:fishing_rod":1,"minecraft:coarse_dirt":4,"minecraft:crafting_table":5,"tconstruct:materials_and_you":1,"minecraft:wooden_pickaxe":2,"biomesoplenty:orange_autumn_sapling":4,"cavesandcliffs:raw_iron":50,"minecraft:shield":1,"cavesandcliffs:moss_block":4,"minecraft:string":33,"minecraft:large_fern":2,"chaosawakens:salt":77,"minecraft:iron_leggings":1,"smash_bros_pvp:special_flag":2,"quark:spruce_chest":4,"minecraft:spruce_planks":29,"smash_bros_pvp:freezie":1,"quark:root_item":3,"minecraft:chest":4,"minecraft:furnace":1,"scootys_pvz:crazy_daves_note":1,"minecraft:stick":19,"dragonmounts:aether_dragon_egg":2,"upgrade_aquatic:pike":1,"minecraft:bowl":1,"minecraft:torch":28,"minecraft:spruce_stairs":8,"minecraft:redstone":4,"quark:ancient_tome":3,"smash_bros_pvp:cucco":1,"minecraft:rotten_flesh":53,"dungeons_gear:gong_of_weakening":1,"upgrade_aquatic:driftwood_log":2,"smash_bros_pvp:superspicy_curry":5,"minecraft:gold_ingot":5,"minecraft:cod":2,"minecraft:cobblestone":689,"smash_bros_pvp:metal_box":1,"minecraft:water_bucket":1,"minecraft:salmon":4,"minecraft:fern":3,"dungeons_gear:shadow_walker_vest":2,"minecraft:potato":23,"minecraft:flint":2,"chaosawakens:fossilised_ruby_bug":1,"minecraft:gunpowder":2,"minecraft:cobblestone_stairs":4,"cavesandcliffs:glow_berries":1,"minecraft:dirt":34,"dungeons_gear:hammer_of_gravity":1,"smash_bros_pvp:fairy_bottle":2,"minecraft:name_tag":1,"dungeons_gear:totem_of_soul_protection":1,"minecraft:bone":3,"cavesandcliffs:raw_copper":13,"minecraft:iron_ingot":1,"cavesandcliffs:dripstone_block":38,"minecraft:stone_pickaxe":1,"chaosawakens:fossilised_emerald_gator":3,"minecraft:stone_hoe":2,"dungeons_gear:bone_cudgel":1,"tconstruct:copper_ore":8,"minecraft:pumpkin":17,"minecraft:sweet_berries":10,"chisel:marble/raw":26,"minecraft:dandelion":3,"minecraft:gravel":27,"cavesandcliffs:pointed_dripstone":4,"quark:dark_oak_ladder":18,"minecraft:spruce_sapling":9,"minecraft:dark_oak_log":7,"minecraft:spruce_log":1,"minecraft:spider_eye":1,"alexsmobs:animal_dictionary":1,"minecraft:mossy_cobblestone":92,"minecraft:pumpkin_seeds":4,"minecraft:purple_bed":1,"minecraft:bone_meal":3,"dungeons_gear:wolf_vest":1,"smash_bros_pvp:killing_edge":1,"minecraft:emerald":1,"smash_bros_pvp:ore_club":1,"minecraft:coal":106,"smash_bros_pvp:gust_bellows":2},"minecraft:broken":{"minecraft:stone_pickaxe":3,"minecraft:iron_pickaxe":1},"minecraft:killed":{"minecraft:spider":1,"minecraft:salmon":1,"minecraft:zombie":18,"upgrade_aquatic:pike":1,"scootys_pvz:buckethead_ducktube_zombie":1},"minecraft:crafted":{"minecraft:fishing_rod":1,"minecraft:furnace":1,"minecraft:iron_boots":1,"minecraft:iron_axe":1,"minecraft:stone_pickaxe":3,"minecraft:dark_oak_planks":28,"minecraft:stone_hoe":1,"quark:dark_oak_ladder":20,"upgrade_aquatic:cooked_pike":1,"minecraft:crafting_table":1,"minecraft:spruce_planks":44,"minecraft:iron_helmet":1,"minecraft:wooden_pickaxe":1,"minecraft:cooked_salmon":2,"quark:spruce_ladder":20,"minecraft:bucket":1,"minecraft:stone_axe":1,"minecraft:air":0,"minecraft:shield":1,"minecraft:stick":92,"minecraft:iron_ingot":50,"minecraft:iron_pickaxe":3,"minecraft:iron_leggings":1,"minecraft:torch":24}},"DataVersion":2586}